<?xml version="1.0" encoding="ISO-8859-1" standalone="yes"?>
<?xml-stylesheet type="text/xml" href="buglayout.xml"?>

<!-- The following bugs have been fixed since the omniORB 4.1.3     -->
<!-- release. This file is transformed into html with bugfixes.xsl. -->

<!-- Editors: make sure the content you add is well-formed XML.     -->

<buglist version="4.1.3">

<bug id="1" date="Fri Oct 24 17:43:33 BST 2008" user="dgrisby">
  <summary>Delays in servicing calls with thread pool and no connection watching</summary>
  <reported>Serguei Kolos</reported>
  <text>
  The set of sockets to poll could be malformed, causing a socket to
  be ignored for a while.
  </text>
  <listlink href="http://www.omniorb-support.com/pipermail/omniorb-list/2008-October/029739.html"/>
</bug>

<bug id="2" date="Tue Oct 28 16:25:32 GMT 2008" user="dgrisby">
  <summary>Undeclared user exceptions in local calls are not caught</summary>
  <text>
  If an operation implementation raised a CORBA user exception that
  was not declared in the operation's raises clause, local callers
  received the user exception, rather than CORBA::UNKNOWN as they
  should.
  </text>
</bug>

<bug id="3" date="Tue Oct 28 16:47:32 GMT 2008" user="dgrisby">
  <summary>Internal CommFailure exception escapes after
  failed-on-forward call that is not retried.</summary>
  <text>
  When a call on an object reference that has been location-forwarded
  fails, the transient exception handler is called. If the handler
  returns false, in some circumstances an internal exception can be
  thrown, rather than the proper CORBA system exception.
  </text>
  <reported>Jacob Feisley</reported>
</bug>

<bug id="4" date="Wed Dec  3 10:50:44 GMT 2008" user="dgrisby">
  <summary>Incorrect generated code for some float constants</summary>
  <text>
  Very small float constants led to invalid generated code.
  </text>
  <reported>Will Denissen</reported>
  <listlink href="http://www.omniorb-support.com/pipermail/omniorb-list/2008-November/029792.html"/>
</bug>

<bug id="5" date="Wed Dec  3 10:50:44 GMT 2008" user="dgrisby">
  <summary>Scoping problem in code generated for struct marshalling</summary>
  <text>
  Ambiguous generated code with awkward nested type names.
  </text>
  <reported>Will Denissen</reported>
  <listlink href="http://www.omniorb-support.com/pipermail/omniorb-list/2008-November/029792.html"/>
</bug>

<bug id="6" date="Mon Dec 29 15:10:23 GMT 2008" user="dgrisby">
  <summary>Infinite loop on socket error</summary>
  <text>
  On platforms with recv() that cannot be interrupted, a socket error
  would lead to an infinite loop.
  </text>
  <reported>Masaaki Sekiya</reported>
  <listlink href="http://www.omniorb-support.com/pipermail/omniorb-list/2008-November/029772.html"/>
</bug>

<bug id="7" date="Mon Feb  2 12:28:53 GMT 2009" user="dgrisby">
  <summary>Memory leaks in DynAny</summary>
  <text>
  Memory leaks setting members / elements with DynAnys.
  </text>
  <reported>Sampo Ahokas</reported>
  <listlink href="http://www.omniorb-support.com/pipermail/omniorb-list/2009-January/029874.html"/>
</bug>

<bug id="8" date="Mon Jun  1 12:03:11 BST 2009" user="dgrisby">
  <summary>Assertion failure with empty valuetype in omniORBpy</summary>
  <text>
  ORB core chunked encoding did not support empty chunks.
  </text>
  <reported>Stephane Bonniez</reported>
  <listlink href="http://www.omniorb-support.com/pipermail/omniorb-list/2009-May/030102.html"/>
</bug>

<bug id="9" date="Thu Jul  2 09:51:51 BST 2009" user="dgrisby">
  <summary>Crash with unix transport when using transport rules</summary>
  <text>
  An object reference with just a unix endpoint would cause a crash if
  using transport rules.
  </text>
  <reported>Serguei Kolos</reported>
  <listlink href="http://www.omniorb-support.com/pipermail/omniorb-list/2009-June/030119.html"/>
</bug>


</buglist>
